Ward Number	Ward Name	Category	Assembly Constituency	Corporator Name	Population	Male	Female	Localities in the ward
185	Yelachenahalli Ward (Ward No:185)	Backward Category A	Bangalore South	K.Latha	28000	14896	13104	Ilyas Nagar, Kanaka Nagar, Geeta Colony, Yalchenhalli, Krishnadevaraya Nagar, Kashi Nagar, Anuradha Industrial Estate, Pratiba Industrial Estate, JC Industrial Layout, Bikasipura, Nanjappa Layout, Chandra Nagar
191	Singasandra Ward (Ward No:191)	General (Women)	Bommanahalli	B.S.Manjunath Reddy	21410	11669	9741	Chikk Beguru, AECS Layout, SRK Layout Green Garden Layout, Singasandra, Royal Homes Layout, HAL Layout, Vedanthachar Layout, Channakeshava Nagar, Electronic City, Vinayaka Nagar, GK Layout, Royal Country Layout, Sampangi Layout, Purappana Agrahar, Central Silk Board Employees Layout, Kudlu Veerappa Reddy Layout, Sai Shree Layout, Doctors Layout, Naganathapur, Bhuvaneshwar Layout, Infotech Layout, SMV layout, Kuppendra Reddy Nagar, Lake View Meenakshi layout
192	Begur Ward (Ward No:192)	Backward Category B	Bangalore South	K.Ramesh Babu	19287	9899	9388	Sushrshurthi Nagar, Basavapura, Marthi Layout, Dreams Paradise Layout, Sudhrashan Nagar, RR Layout, Pragathi Nagar, Chikkathoguru, Vishwapriya Nagar, Nobo Nagar, K Agrahara, Ramanashree Nagar, ITM Institute of Hotel Management, Suprithi Vinayaka Nagar, Ganapathi Nagar, Indra Prastha Colony, Dodda Kammanahalli, Kamakshi Layout, Lakshmi Layout, Varalakshmi Layout, Baraten Agrahar, Dodda Thoguru (P), Chikka Kammmanahalli, Smiriti Layout, Incity Layout, Thejashiwini Nagar 2nd Phase, Lotus Layout, Canara Bank Layout 2nd Stage, Malisandra, Value City, Akshaya Nagar, DFL Project New Town, Hugi Bande Garden, Classic Layout, Gyanappahalli, Begur, Duo Heights Layout, Chamundi Nagar, Devarachiknahalli, Royal Memorial Layout, Amaloodava Nagar, Mohan Layout, AECS Layout, HAL Layout, MICO Layout, Subhash Nagar, Residential Layout, Devendra Nagar, Viveknanda Nagar
194	Gottigere Ward (Ward No:194)	Backward Category B	Bangalore South	O.Manjunath	21526	11402	10124	JP Nagar 8th Phase, Brookes Heaven Layout, Lakshman Layout, Royal Country Layout, JP Nagar 8th Phase 2nd Block, Surbhi Nagar, SATG’s Layout, Nayak Layout, Pavamana Nagar, Rajadhadri Layout, Kotanur Dinne, Venkateshwara Layout, Bhagya Nagar, IDBI Layout, Meenakshi Layout, Raghavendra Swamy Layout, Bora Layout, Gundappa Layout, Vidya Sagar Layout, Royal Heritage Layout, Weavers Colony, Gottigere, Pillaganahalli
196	Anjanapur Ward (Ward No:196)	General	Bangalore South	Suguna Balakrishana	21080	10787	10293	Soudhamini Layout, Muneshwar Nagar, Avalahalli Colony, Vishaweshavaraiah Industrial Layout, Bank Officers Layout, BDA Layout, RB Raj Nagar, JP Nagar 9th Phase, Anjnapura, Anjnapura 2nd & 3rd Block, Anjnapura 7th 8th 10th&11th Block, Anjnapura Township 8th Block, Anjanpura - 4th - 5th - 5th G 6th Block, Jethendra Nagar, Kidwai Layout, Classic Layout, BDA Layout, Lakshmi Dorai Layout, Meenakshi Residency Layout, Galaxy Layout, South Avenue Residency Layout, Aditya Nagar
184	Uttarahalli Ward (Ward No:184)	Backward Category A	Bangalore South	L.Ramesh	21845	11461	10384	Hanumagiri Hill, Sriramachandrapur, Naidu Layout, Srisri Nagar, Anjaneyaswamy Layout, AGS Layout, Gaviyappa Thimmayya Layout, Best Club and Apartment, Purnapragna Layout, Hemavathi Layout, Kodipura, Vinayaka Layout, Uttarhalli, Srinivas Colony, Arehalli, Shridini Layout, Vaddarpalya, Simhadri Layout, Patel Munivenkatappa Layout, Vallab Nagar, Friends Colony, Subramanyapura, Saptagiri Layout, Dorai Kere, Rajanna Industries Layout, T Laxmayya Layout, Paramahansa Layout, Yadalam Nagar, Adi Narayan Colony, Bhuvaneshwari Nagar, Vasanthpura, Vinayaka Nagar Layout, Gubbalallu Layout, Huchappanpalya, Maruthi Nagar, Vasanth Vallaba Nagar 2nd Block, Raja Rajeshwari Layout, Jayanagar HBCS Layout, Turahalli, BSK 6th Stage 1st and 2nd blocks, Veeranjanaya Nagar, Golden Greens Layout, Bharat Housing Co-Operative Society Layout (P), Mogekere, Gubbalala, Happy Valley (P), Raja Gardenia (P)
195	Konanakunte Ward (Ward No:195)	General (Women)	Bangalore South	M.Roopa Ramesh	20181	10662	9519	Omshakthi Layout, Puttenahalli, Raghavendra Nagar, Eshwara Layout, RBI Colony, Nataraj Layout, Santhrupti Layout, Muniswamy Layout, Sun City Layout, South City Layout, Raghavendra Layout, Sai Enclave, Aradhana Layout, MS Ramaiah City, Kottanur Village, Krishna Nagar, Maruthi Nagar, Shreyas Colony, Navodhaya Nagar, Poornima Nagar, Nrupathunga Layout, Sankranti Layout, Gourava Nagar, JP Nagar 7th Phase, Annaporneshwari Nagar, Srinidhi Layout, Mysore Bank Colony, New Bank Colony, Chunchugatta, Patel Narayanswamy Layout, Mahendra Singh Layout, Konankunte
197	Vasanthapura Ward (Ward No:197)	General (Women)	Bangalore South	Sukanda	24522	13057	11465	Existing RR Nagar CMC ward No. 29 containing following localities:, Sarvabhouma Nagar, KSRTC Layout, Gaundanapalya (P), Canara Bank Colony, Chikallasandra (P), Part II: Maruthi Housing Society Layout, Devarakere Extension, Vittal Nagar, Vasanthpura, Prashanthi Nagar, Sharada Nagar, VV Nagar, Gokul Nagar, Vallabha Nagar, Kuvempu Nagar, Kailash Nagar, Naidu Layout, Siddanna Layout, Ganapathipura, Munireddy Layout, Doddakallasandra, Ayappa Nagar, HBCS 2nd Block, BDA Employees Layout, Kalyana Nagar, Brigade Residency
174	HSR Layout Ward (Ward No:174)	General (Women)	Bommanahalli	Sayad Haseen Taj	24749	13215	11534	HSR Layout 1 to 4 and 6 to 7 sectors, Sector 5 (P), Vinayaka Nagar, Yellukunte (P), BDA Layout, Parangi Palya, Vanganahalli, CPW quarters, Agara, Ibluru, Agara kere, Aralukunte
175	Bommanahalli Ward (Ward No:175)	General	Bommanahalli	Kavitha Babu	24307	13065	11242	Rupena Agrahara, Virat Nagar, Krishna Reddy Layout, Bommanahalli, Shamanna Reddy Layout, Basappa Layout, Seenappa Layout, Muneswara Layout (P), New Reddy Layout, Krishna Layout, Sri M Vishveswaraiah Colony, Rotary Nagar (P)
186	Jaraganahalli Ward (Ward No:186)	General (Women)	Bommanahalli	M.Srinivas	23299	12519	10780	Shivananda Nagar, Bheraveshwar Layout, Chikkaswamy Layout, Mahatma Gandhi Layout, Krishnamaraju Layout, Abbareddy Layout (P), JP Nagar 6th Phase, Govindappa Layout, Honneyappa Layout, Jyothi Layout, Jarganahalli, Sri Swamy Layout, Puttenhalli Kere
187	Puttenahalli Ward (Ward No:187)	Backward Category A	Bommanahalli	A.N.Purushotham	20544	11094	9450	JP Nagar 5th phase, Ayodhya Nagar, Ramaswamy Layout, Vinayaka Nagar, Anthappa Layout, Amalodbhavi Nagar (Doreswamypalya), KrishnamRaju Layout, Venkatadri Layout, Sahyadri Layout, Panduranga Nagar, Bob Layout, Achappa Layout, Baroda Bank Colony, Puttenhalli, Vinayaka Nagar, Abbaya Layout (P)
188	Bilekahalli Ward (Ward No:188)	General (Women)	Bommanahalli	S.K.Pushpa	22510	12050	10460	Kuvempu Nagar, Basavalingappa Layout, Bilekhalli, Anugrah Layout, IIM - Ragavendra Colony, Sunder Ramshetty Nagar, Shanbogh Nagappa Layout, Venugopal Layout, BTM Layout 4th Stage, Vijaya Bank Layout, Sri Satya Sai Layout, Doctors Layout, Rotary Nagar, Vijayshree Layout, Vakil Maria Layout, Kodi Chikkanhalli, Virat Nagar, Lake City, Sarvabhouma Nagar
189	Hongasandra Ward (Ward No:189)	Backward Category B	Bommanahalli	Shashirekha Jayaram	23058	12307	10751	Om Shakti Layout, NR Reddy Layout, Nandishwar Layout, Muniyappa Layout, MSR Layout, Munireddy Layout, Hongasandra, Mico Layout, Chamundi Nagar, SR Naidu Road, Golden Nagar, Kaveri Nagar, Manjunath Industrial Estate, Madina Nagar, Mangammanapalya (P)
190	Mangammanapalya Ward (Ward No:190)	Backward Category A (Women)	Bommanahalli	S.Gangadhar	27391	14625	12766	Mangammanapalya (P), Madina Nagar (P), Gangamma Layout, ITI Layout, Priyanka Layout, Muneshwarappa Layout, Bandepalya, Hosapalya, HSR 2nd sector, Somasamudrapalya, Muneshwar Layout, Abbayya Layout, Munireddy Layout, Lakshmi Layout, Raghavendra Layout, Garebhavi Palya
193	Arakere Ward (Ward No:193)	General	Bommanahalli	A.Vijaya	25003	13429	11574	mkar Nagar, Syndicate Bank Colony, Srinivaslu Layout, Vijayashree Layout, Mutturayaswamy Layout, Janatha Colony, Madhavan Colony, Hulimavu, Muneshwara Colony, Pai Layout, Shanthinikethan Housing Colony, Arakere Layout, BTS Layout, Hanuman Nagar, Arakere, Indira Priyadrshini Colony, Samarat Layout, Vijaya Layout, Jayamaruthi Layout, Indira Gandhi Housing Colony, Vysya Bank Layout, Pavani Shrungeri Nagar, Shirdi Sai Nagar, Nyanappanhalli, Lakshmi Layout, Majunath Layout, Arkere Mico Layout, Brindavan Extn., Hulimavu Kere
12	Shettyhalli Ward (Ward No:12)	Scheduled Caste (Women)	Dasarahalli	Sharadamma	28309	15023	13286	Abbigere, Myadarahalli, Chikkasandra, Shettihalli, Nisarga Layout, Abbigere kere, Someshwara Layout, Achappa Layout, Vijayalaxmi Layout, Abbigere Dinne, Abbigere Layout, Muniswamiappa Layout, V R Layout, Kalyana Nagar, Kala Nagar, Kammagondanahalli, Jalahalli West, Raghavendra Layout, Subramanya Layout, Sri Mahalaxmi Layout, Venkateshwara Layout, Vinayaka Layout, Kempe Gowda Garden, S M R Layout, Paschima County, R R Layout, Sandhya Nagar, Dasappana Palya, Athmiya Geleyara Balaga Layout, Sapthagiri Layout, Anjanadri Layout, M Babanna Layout, Mallasandra (P), Krishna Nagar, Lake View Defence Colony, Cauvery Layout, Nandana Nagar, Brindavana Layout, Maruthi Nagar, Chikkanna Layout, Byraveshwara Nagar
13	Mallasandra Ward (Ward No:13)	Backward Category A (Women)	Dasarahalli	R.P. Shashi	26253	14066	12187	Rajanna Layout, Mallasandra (P), Ravindra Nagar, Mathru Layout, Ayyappa Layout, BHEL Mini Colony, Kalayana Nagar, Prashanth Layout, Muneswara block
14	Bagalagunte Ward (Ward No:14)	General	Dasarahalli	B.R.Chandrashekar	28306	15159	13147	Sidedahalli, NMH Layout, Soundarya Layout, MHR Layout, Siddeshwar Layout, Meenakshi Garden Enclave, Kirloskar plots, Sampangi Layout, MEI Employees Housing Colony, Bagalakunte, Bagalakunte kere, Manjunath Nagar, Widia Kennametal industry, Defence Colony, Bhuvaneshwari Nagar, Havnoor Extension, M S Ramaiah Layout
15	T-Dasarahalli Ward (Ward No:15)	General (Women)	Dasarahalli	Puttamma	26050	14363	11687	Maheswari Nagar, T Dasarahalli, Om Colony
39	Chokkasandra Ward (Ward No:39)	Backward Category A	Dasarahalli	M.Muniswamy	30117	16821	13296	Vikas Nagara, Nagasandra Colony, Vidhya Nagar, Nagasandra, Rukmini Nagar, HMT Housing Colony, Amaravathi Layout, Chokkasandra, Netaji Nagar, Peenya Industrial Area II Phase, Nelagedaranahalli, Narayanapura, Vinayaka Nagar, Gruhalakshmi Housing Colony (P)
41	Peenya Industrial Area Ward (Ward No:41)	General	Dasarahalli	K.L.Thimma Nanjaiah	27467	15255	12212	Shivapura, Peenya Industrial Area III Phase, Dugalamma Colony, Parvathi Nagar, Rajeshwari Nagar, MEI Colony, Ganapathi Nagar, Peenya I Phase, Peenya IV Phase III Stage, Gruhalakshmi Housing Colony (P)
70	Rajagopala Nagar Ward (Ward No:70)	General	Dasarahalli	H.N.Gangadar	28604	15691	12913	Rajagopal Nagar, Byraveshwara Nagar, Rajarajeshwari Nagar, Kempegowda Housing Society, Shambhavi Nagar, Doddanna Industrial Estate, Indira Priyadarshani Nagar, Kapila Nagar, Annapoorna Nagar, Srigandha Nagar, Kareemsab Nagar
71	Hegganahalli Ward (Ward No:71)	General	Dasarahalli	M.V.Govinde Gowda	30889	16766	14123	Maruthi Nagar, Bairaveshwara Industrial estate, Lakshman Nagar, Hegganahalli, Sanjeevini Nagar, Gajanana Nagar, Sunkadakatte
50	Benniganahalli Ward (Ward No:50)	Scheduled Caste	C V Raman Nagar	N.Dayananda	31985	17006	14979	Gajendra Nagara, Old Bayappanahalli Ambedkar Nagar, Mallappa Garden, Sanjay Gandhi Nagar, Krishnaiahna Palya, Income Tax Layout, Yarratippaiah Layout, NGEF Hosnagara, Sadananda Nagar, Benniganahalli, Rajiv Nagar, Kasturi Nagar, Chikka Banasavadi, Pillareddy Nagar, Pulla Reddy Nagar, Doctor Layout, Lalbahaddur Nagar, Ramaiah Reddy Colony, B.Channasandra, Bacchanna Layout
57	C.V.Raman Nagar Ward (Ward No:57)	Backward Category A	C V Raman Nagar	Krishna M	29760	15822	13938	huvaneshwari Nagar, Maruthi Nagar, C V Raman Nagar, Jogapalya (Bairasandra), Abbaiappa Layout, Poojari Lakshmaiah Layout, Seenappa Layout, Patel K Marappa Layout, HAL Officer’s Enclave, Vishvavihar, LRDE Qtrs, Nagavara, Kagdasanapura, Malleshappan palya
58	Hosathippasandra Ward (Ward No:58)	General (Women)	C V Raman Nagar	Sumitra Vijayakumar	34577	18212	16365	Michal Palya, HAL III Stage Seethappa Colony, Venkateshwara Colony, Puttappa Colony, Bhumireddy Colony, Annayappa Colony, LIC Colony, Bairasandra, Krishnappa Garden, KG Colony, Garkamanta palya, Binamangala, BM Kaval, 515 Colony, Patel Seethappa Colony, New Tippasandra
79	Sarvagna Nagar Ward (Ward No:79)	Scheduled Caste	C V Raman Nagar	J.Bhuvaneshwari	34943	17879	17064	Sarvagna Nagar, Doddakunte, Kathlipalya, New Baiappanahalli extension, Krishnamurthy Nagar
80	Hoysala Nagar Ward (Ward No:80)	Scheduled Caste	C V Raman Nagar	Savitha Ramesh	35890	18041	17849	Jayarajanagar, Lakshmipura, Indiranagar 2nd Stage, Shastrinagar, Hutting Colony, Defence Colony, Hoysala Nagar (Murphy Town), Old Tippasandra, HAL 2nd stage (P)
88	Jeevanbhima Nagar Ward (Ward No:88)	Scheduled Caste	C V Raman Nagar	K. Chandra Shekar	36152	19021	17131	HAL 1st and 2nd stage (P), Kodihalli, Shivalingaya Colony, Anandapuram, Jeevanbhima Nagar, Sudham Nagar
113	Konena Agrahara Ward (Ward No:113)	General	C V Raman Nagar	M.Chandrappa Reddy	29344	15479	13865	Corporation Colony, Muniyellappa Graden, Rustum Bhag Layout, Rustum Bhag, N R Layout, Murgesh Palya, K R Garden, Vinayaka Nagar, Manjunath Layout, Sowmya Layout, Air View Colony, Raviprakash Nagar, MES Colony, Konena Agrahara, Ramagiri Nagar, Sriram Nagar, Amnamma Layout, Muniyappa Layout, Cauvery Nagar, BDA Colony, Nanjappa reddy colony
18	Radhakrishna Temple Ward (Ward No:18)	Backward Category A	Hebbal	D.Venkatesh	26211	13862	12349	Lottegollanahalli, Venkatachary Nagar, HIG North By Outer Ring road colony, RMV II stage, Dollar apartment, Krishna Layout, Amarajyothi Layout (P), Raj Mahal Vilas 2nd Stage 3rd Block, Naidu Layout (P), Judicial colony, AECS Layout, Jaladarshini Layout, Geddalahalli
19	Sanjay Nagar Ward (Ward No:19)	Backward Category B	Hebbal	M.N. Murthy	24178	12600	11578	Bhupasandra, Vinayaka Layout, Excise colony, RMS colony, Nagashettihalli, Yajamana Layout, AECS Layout, Sanjaya Nagar, BPEHCS Layout, Ramakrishnappa Layout, Naidu Layout (P), Amarjyothi Layout (P)
20	Ganga Nagar Ward (Ward No:20)	General	Hebbal	Ananda V	26256	13688	12568	UAS Campus, KEB Layout, UAS Staff Quarters, Vishveshvaraiah Nagar, Reserve Bank Colony, HMT Layout, Ganga Nagar, Venkappa Block, Gundappa Block
21	Hebbal Ward (Ward No:21)	General	Hebbal	C.R.Jayappa Reddy	24161	12560	11601	Hebbala, Kunti Betta, Chola Nagar, Amar Jyothi Layout, Chowdaiah Block, Anand Nagar Colony, UAS Quarters (P), MSH Layout, Anand Nagar
22	Vishwanathnagenahalli Ward (Ward No:22)	Backward Category B	Hebbal	Munirathma	25697	13594	12103	Gosaiya Slum, Guddahalli, V Nagenahalli, Yagappa Layout, Kanakanagar, IOE Layout, Cholanayakanahalli, Manorayanapalya (P)
33	Manorayanapalya Ward (Ward No:33)	Backward Category A (Women)	Hebbal	Gowjiya Begam	34777	18200	16577	Bhuvaneshwari Nagar, Chamundi Nagar, Dasappa Garden, Manorayanapalya (P), Kauser Nagar, HMT Layout, P & T Colony, Rahamat Nagar, Anandppa Block
34	Gangenahalli Ward (Ward No:34)	General	Hebbal	M.Nagaraj	24954	13128	11826	Ganganagar, Dena Bank Colony, Papanna block, Gangenahalli Extension, Mathadhalli Layout
46	Jayachamarajendra Nagar Ward (Ward No:46)	General	Hebbal	N.Govindaraju	30743	16353	14390	RT Nagar, Hanumanthappa Layout, Chunchappa Block, JC Nagar
31	Kushal Nagar Ward (Ward No:31)	General (Women)	Pulakeshinagar	Noorjhan Shareef	34046	17506	16540	Anwar block, Ashok Nagar, Kushal Nagar, Kadugondanahalli (P), P and T Colony, Chikkanna Layout, Muslim Colony, Muneshwar Nagar
32	Kavalbyrasandra Ward (Ward No:32)	General	Pulakeshinagar	Y.R.Gowramma	26550	13914	12636	Ranka Nagar, P and Colony (P), Srinivasa Layout, Quaters Colony, Bheemanna Layout, MM Layout, Ratan Singh Layout, Kaval Bairasandra, Nagappa Layout, AMC Layout, Muniveerappa Layout, HBR Layout 2nd Stage, Anand Layout, Shamannagowda Layout, Adarsh Nagar, Pioneer Defence Housing Colony, Appajappa Layout, Shampura New Extension, Ananda Gokula Layout, Krishnappa Layout, Kaveri Nagar, Sultanpalya
47	Devarajeevanahalli Ward (Ward No:47)	Scheduled Caste	Pulakeshinagar	R.Sampath Raj	33483	17296	16187	Modi Garden, Bangaragiri Layout, Doddanna Nagar, Devara Jeevanahalli, Military area
48	Muneshwara Nagar Ward (Ward No:48)	Scheduled Caste	Pulakeshinagar	S.Kriya Shalaja	30508	15557	14951	Muneshwara Nagar, Muneshwara Nagar A block, Ambedkar Nagar, Periyar Nagar, Periyar Nagar AK colony
60	Sagayapuram Ward (Ward No:60)	Scheduled Caste	Pulakeshinagar	V.Palaniyammal	34874	17525	17349	Bagalur Layout, Sagayapuram, Richords town, Lazar Layout
61	S.K.Garden Ward (Ward No:61)	Scheduled Caste	Pulakeshinagar	Devikarani Sridhar	33939	17387	16552	Waheed Garden, Pottery town, SK Garden, Devarajivanahalli (P), ITI Colony
78	Pulikeshi Nagar Ward (Ward No:78)	General	Pulakeshinagar	Abdul Rakheeb Zakhir	28149	13858	14291	Pulikeshinagar, Frazer Town, Claveland Town, Sindhi Colony, Railway Quarters (P)
23	Nagavara Ward (Ward No:23)	General (Women)	Sarvagna Nagar	Irshad Begam	35264	18216	17048	Govindapura, Byrappa Layout, Irshad Nagar, Nagavara, Nanjappa Layout, Shampura (P), Gandhi Nagar, Kadugondanahalli, Hidayath Nagar
24	HBR Layout Ward (Ward No:24)	Backward Category A	Sarvagna Nagar	B.Govinda Raju	32156	16506	15650	Byraveshawar Layout, Choudappa Layout, North Hennuru, Punappa Layout, HRBR layout 1st East block, HBR layout 2nd (P) - 3rd - 4th and 5th blocks, Nanjappa layout, Chennaiah layout
27	Banasawadi Ward (Ward No:27)	General	Sarvagna Nagar	A.Kodanda Reddy	31998	16634	15364	HRBR Layout 1st and 2nd (P) blocks, PNS Layout, Subbayya playa extention, Chowdeshwari Layout, Jai Jawan Nagar, Yerra Reddy Layout, Ex-Servicemen colony, Ramaiah Layout, Banasvadi, Dodda Banasvadi, Annaiah Reddy Layout, Vijaya Bank colony, OMBR Layout
28	Kammanahalli Ward (Ward No:28)	General	Sarvagna Nagar	M.C.Srinivas	34819	17925	16894	Kammanahalli, Ramaswamy Palya, Subbayya Palya, Maruthi Seva Nagar (P)
29	Kacharakanahalli Ward (Ward No:29)	General	Sarvagna Nagar	Padmanabha Reddy	29018	15037	13981	Kariyanna Palya, St. Thomas Town, Kammanahalli, Indra Nagar, Nagadevi Industrial area, Sena Vihar, Sait Palya, HBR 2nd - 3rd Layout, Keshav Nagar, Kacharkanahalli, Jalavayu vihar, Kalyana Nagar
30	Kadugondanahalli Ward (Ward No:30)	General (Women)	Sarvagna Nagar	Shaheen Thaj	34842	17902	16940	Kadugondanahalli, HRBR Layout 1st block, Narasimha Layout KG Halli, Venkateshpura, Pillanna Garden
49	Lingarajapura Ward (Ward No:49)	General (Women)	Sarvagna Nagar	Lavanya Ganesh Reddy	32375	16267	16108	Lingarajapura, Ramaswamy Palya
59	Maruthiseva Nagar Ward (Ward No:59)	Scheduled Caste	Sarvagna Nagar	R.Rajendran	35811	17862	17949	BL Rice Nagar (St. Thomas town), Balaji Layout, D’Costa Square, Cooks town, Vivekananda Nagar, Jai Bharathi Nagar, Sanjeevappa Layout, Jeevanahalli, ITC Colony, KHB Colony, Sathya Nagar, Maruthi Seva Nagar (P)
89	Jogupalya Ward (Ward No:89)	General	Shanthinagar	M.Gowtam Kumar	34611	17710	16901	Linagayanapalya, Jogupalya, Saraswatipura, G Street Laxamma Layout, Nandanavanam Streets, Doddayya Layout, Someswarapura Layout (p), Motappa Palya, Appareddy Palya, Shammana layout
111	Shanthala Nagar Ward (Ward No:111)	Backward Category A	Shanthinagar	Shivakumar K	30225	15570	14655	Shantala Nagar, Ashok Nagar, MEG area, Elagondanapalya, KSRP quarters, Victoria Layout, Austin Town (P), Xavier Layout, Langford Gardens, Richmond Town (P)
112	Dommalur Ward (Ward No:112)	General (Women)	Shanthinagar	Geetha Srinivas Reddy	34703	17827	16876	Indira Nagar, Dhupanahalli, Domlur, Domlur 1st Stage, Someshwarapura Layout
114	Agaram Ward (Ward No:114)	Scheduled Caste	Shanthinagar	Sarala	35632	20108	15524	Cambridge layout, Jeevan Kendra Layout, Goutampuram, Defence Area, Agram farm, Jayaraj Nagar, Victoria Layout, Maya Bazar, Police quarters, BDA flats
115	Vannarpet Ward (Ward No:115)	Scheduled Caste	Shanthinagar	Vijayan S	35532	17991	17541	Sonenahalli, Vannarpet, Viveknagar, Ambedkar Nagar, Austin Town (P), Abbayya Garden, Rose Garden, Muniyamma Garden, EWS Corporation flats (P), Yerrappa Garden (P)
116	Neelasandra Ward (Ward No:116)	Scheduled Tribe	Shanthinagar	Lokesh	36279	18953	17326	Nilasandra, Anepalya (P), Dr. Ambedkar Nagar, Muniswamy garden (P), Munigowda garden, EWS Corporation flats (P)
117	Shanthi Nagar Ward (Ward No:117)	General (Women)	Shanthinagar	P.Sowmya	36426	18672	17754	Shanthi Nagar, Richmond Town (P), Langford Town, Anepalya (P), Vinayaka Nagar, KSRTC quarters (P), B & C Colony, Lakshminyamma Garden, Jalakanteshwara Nagara, Muniswamy Garden (P), Akkitimmanahalli
62	Ramaswamy Palya Ward (Ward No:62)	Scheduled Caste	Shivajinagar	N.Chandru	32400	16855	15545	Rajappa Block, Kemapaiah block, Gundappa Garden, Anjanappa Garden, Narayana block, Anchappa Garden, Marappa Garden, Muddamma Garden, Krishnappa Garden, Chinnappa Garden, Ramaswamy Palya
63	Jayamahal Ward (Ward No:63)	General	Shivajinagar	M.K.Gunashekaran	24065	12014	12051	Jayamahal Extension, Railway Qrts, Sultangunta, Swamy Shivanandapuram (Taskar town), Balappa Garden
90	Ulsoor Ward (Ward No:90)	Scheduled Caste	Shivajinagar	R. Uday Kumar	35891	20526	15365	Halsoor, Gupta Layout, Halsoor lake, Sivan chetty garden spot
91	Bharathi Nagar Ward (Ward No:91)	General	Shivajinagar	Shkheel Ahmad	32632	16472	16160	Bharathi Nagar, Sivan Chetty Garden, Tandaram Nagar
92	Shivaji Nagar Ward (Ward No:92)	General (Women)	Shivajinagar	Fareed	35740	18456	17284	Sultan Nagar, Old Karacha Palya, Shivaji Nagar (P)
93	Vasanth Nagar Ward (Ward No:93)	General	Shivajinagar	Katta Jagadish	25632	13250	12382	Kumarapark East, Vasanth Nagar, RV Layout, Annayappa block, Kaverappa Layout
110	Sampangiram Nagar Ward (Ward No:110)	Backward Category A	Shivajinagar	M.Gopi	33120	16973	16147	Sampangiram Nagar, Police quarters, Sampangiram Nagar extension, Cubbon Park, Vidhana Soudha, Shivaji Nagar (P), Commercial Street
25	Horamavu Ward (Ward No:25)	General (Women)	K R Puram	Thejeswini N.Raju	28167	14696	13471	Nagreshwara Nagenahalli, Kottnur, K. Naraynapura, Geddalahalli, Amani Byrathikhana, Horamavu Agara, Chalkere, Horamavu, Banjara residency, Horamavu, Agara Kere, Jyanthi Nagar, Asirwada Colony, M. Vishveswaraiah Nagara, Ragavendra Nagara, Muneshwara Nagar, Yerrayana Palya, Bovi Colony, Rammurthy Nagara, BSV Reddy Layout, Apparao Layout, Dassappa Layout, Krishnareddy Layout, Pappamma Layout, Mukkutam Nagara, Vigneshwara Layout, Ramaiah Layout, Kalumantapa, Munireddy Layout, Nandanam Colony, Anjannappa Layout, Nanjappa Garden, Bank Avenue, Babu Sahib Palya, Vijaylakshmi Colony, Kyalasanahalli, Entire Kalkere Tank
26	Ramamurthy Nagar Ward (Ward No:26)	Backward Category A	K R Puram	M.Revanna	21999	11330	10669	Kalkere, K. Channasandra, Kanakanagara, Akshya Nagara, Dr. Ambedkar Nagar, Manjunath Layout, Chandravadana Layout, Ragavendra Extention, M. Vishveswaraiah Nagar, Kaudenahalli, Ramamurthy Nagar (P)
51	Vijinapura Ward (Ward No:51)	Scheduled Caste	K R Puram	P.Sugumaran	35087	18118	16969	Kamalamma Layout, Kodanda Reddy Layout, Manjunath Layout, Banasavadi BDA Layout, Gurumurthy Reddy Layout, Nagappa Reddy Layout, Kuvempu Nagar, Subramanya Layout, Rajarajeswari Layout, Jyothi Nagar, N R Layout, Kotturu, Vijnapura, Chandrasekhar Layout, ITI Employees Housing Colony, Food Corporation of India
52	K.R.Puram Ward (Ward No:52)	General	K R Puram	N.Veeranna	26485	13912	12573	Krishnarajapura, Hosa Basavanapura, ITI North Colony (P), Gangadhara kere, Vangayyana kere
53	Basavanapura Ward (Ward No:53)	General	K R Puram	K.Poornima	22012	11494	10518	Devasandra Extension, Hale Devasandra, NorthGokul Extension, Chikka Basavanapura, Basavanapura, Shigehalli, Bharathi Nagar, EastSwathnta Nagar, Yellamallappa Chetty kere
55	Devasandra Ward (Ward No:55)	Backward Category B	K R Puram	R.Manjuladevi	22057	11604	10453	Duravani Nagar, ITI Colony (P), Devasandra, J C Layout, Roshan Nagar, Railway Colony, Devasandra Industrial Area, Singayyana Palya, Badavala Colony, B Narayanapura, Ramakrishna Reddy Layout
56	A.Narayanapura Ward (Ward No:56)	Backward Category A	K R Puram	S.S.Prasad	29420	15406	14014	Jyothipuram, Mahadevapura, A Narayanpura, Pai Layout, Uday Nagar, Defence Accountant Employee Layout, ITI Employee Housing Colony, A Narayanapura Extn., Chinnappa Colony
81	Vignana Nagar Ward (Ward No:81)	General (Women)	K R Puram	Geetha Vivekananda	24757	13218	11539	Mahadevapura, DRDO’s 2nd Phase, Vijnanagar, Ramaiah Reddy Colony, L N Reddy Colony, Veerabadra Colony, Kalappa Layout, Basavanagar, Vibhuthipura, Talacauverynagar, Veerabhadranagar 2nd Stage, Lal Bhadur Shastrynagar, Jagadishnagar, Jyothinagar, Brudavan Nagar
87	HAL Airport Ward (Ward No:87)	General	K R Puram	Siddalingaiah	33066	17594	15472	Nellurupuram, Vimanapura, HAL Layout, Islampur, Annasandrapalya, Krishna nagar, Vinayak nagar, Ramesh nagar, HAL Airport
54	Hoodi Ward (Ward No:54)	Backward Category A	Mahadevpura	B.V.Basavaraju	20700	11076	9624	Part I: Byrathi village, Part II: Bilishivale village, Part III: Varanasi village, Part IV: Ayyappa Nagar, Gangotri Layout, Anurag Layout, Kodagehalli, Basireddy Layout, Srivari Layout, NRI Layout (Varanashi), Chikkmaraiah Layout, NAL South Layout, Asha Layout, Kuvempu Layout, Singhs Colony, Ganga Nagar, Saketh Nagar, SJR Eternity Layout, Kumbena Agrahara, Belathur, Belathur Colony, Sathya Sai Colony Sadarmangala, Mahadevapura Industrial Area, Hudi (P), Tigalarapalya, ITPL, Kodagehalli Kere (Boundary described for Part IV)
82	Garudacharpalya Ward (Ward No:82)	General	Mahadevpura	N.Pillappa	20920	11371	9549	Mahadevapura, Maheshswari Nagar, Kaveri nagar, RHB Colony, Purvankara Layout, Garudachar playa, Muniswamappa Layout, KSSIDC Industrial Estate, KEB colony, Maruthi Industrial Estate, Siddaramapalya, Basavanna Nagar, Shetty Layout, KIADB Export Promotion Industrial Area, Whitefield (P), Panatthur Agrahara, Hudi (P), Maruthi Nagar
83	Kadugudi Ward (Ward No:83)	General	Mahadevpura	K.N.Anjaneya Reddy	22205	12056	10149	Channasandra, Kadugodi Plantation, Maruthopu, Kadugodi, Subbanna extension, Vijayalakshmi colony, Siddarth Layout, Patallama layout, VR reddy colony, Muniswamy layout, Sri Sai layout, FCI Staff Quarters, FCI, Nanjappa Reddy layout, AK Gopalan colony, Kadugodi Industrial Area, Kadugodi Colony, Police Quarters, VS reddy Colony, Prashanth Extension, Mythri Extension, Ambedkar Nagar
84	Hagadooru Ward (Ward No:84)	Backward Category B	Mahadevpura	H.A.Srinivas	25915	13523	12392	Siddapura, Nallurhalli, Nallurhalli Kere, Dodsworth Layout, Whitefield (P), ECC Layout, Hagadur, Ramagondanahalli, Narayanapura, Kodi, Vijayanagar, Gandhipuram, Vinayaka Layout, Sathya sai layout, D Souja layout, Byrappa layout, Hagadur colony, Vinayaka nagar, Immadahalli, Nagondahalli
85	Doddanekkundi Ward (Ward No:85)	General	Mahadevpura	Sridhar Reddy	22016	11790	10226	Ashreya Layout, Dodda Nekkundi Industrial Estate, Vishveshwaraiah Industrial estate, ferns City, Dodda Nekkundi, Dodda Nekkundi kere, Chinnappa Reddy layout, HAL East Extension, Jawaharnagar Sector 4, Hemanth Nagar (Chinnappanahalli Ext), ISRO Layout, Karthik Nagar, LRDE Employees Housing Colony, NC Munireddy Layout, Dodda Nekkundi Ext, Hanumareddy Layout, Channappanahalli, AECS Layout - A -B -C -D -E Blocks, Kundalahalli Colony, Kundalahalli, Kundalahalli kere, Annayareddy Layout, Tubarahalli, Tigalarapalya, BEML Layout
86	Marathalli Ward (Ward No:86)	Backward Category A (Women)	Mahadevpura	J.Varalakshmi	22489	11967	10522	Marattahalli Yemalur, Marathahalli extension, Ashwath Nagar, Sanjay Nagar, Ramanjenaya Layout, Anand Nagar, Anand Layout
149	Varthur Ward (Ward No:149)	General	Mahadevpura	N.Udaya Kumar	25067	13033	12034	Chikka Belanduru, Gunjuru, Pannathur, Varthuru, Surhunise, Khanekandaya, Belanduru Amanikere, Balagere, Gunjuru Palya, Ramaswamy Layout, Ambedkar Colony, Patil Layout, Thimmappa Reddy layout, Manjunath Layout, Madhura Nagar, Varthuru Kere, Narayanappa Layout, Arasahalli, Gandhi Nagar, Lakshmi Layout, Raghavendra Layout, Rajashree Layout, Muneshwara Layout, Venkateshwara Layout, Shiradi Sai Nagar (P), Manjunatha Layout, Munekollal
150	Bellandur Ward (Ward No:150)	Backward Category B	Mahadevpura	J.Varalakshmi	20526	10818	9708	Green Glen layout, Annaiah Layout, Haraluru, Kaikondahalli, Gayatri Layout, CSB Layout, Blooming Dale layout, KPCL Layout, Jayaramareddy Layout, Junnasandra, Dodda Kannalli, Owner’s Court Layout, Bovi Colony, Amruth Nagar, Eastwood Layout, Royal Classic Layout, Lake view layout, Kasavanahalli, Ambalipura, Bhoganahalli, Devarabeesanahalli, Bellanduru, Kariammana Agrahara, Kadubeesanahalli, Ayyappa nagar, PB Layout, Manjunatha Layout, CKB Layout, Veerappa reddy Layout, Bora reddy Layout, Shantiniketana Layout, Patel Layout, Vinayaka Layout, KPTCL Layout, Janatha Colony, Doddakannali kere, Challaghatta, Belur Nagasandra, BWSSB Quarters, Ambedkar Colony (Belur Nagasandra), Kempapura, Bellandur Tank
38	H.M.T Ward (Ward No:38)	General (Women)	Rajarajeshwari Nagar	Asha Suresh	29764	16281	13483	Muneshwara Nagar, Yashwanthpur Industrial Area, Platinum City, Netaji Nagar, Peenya, Peenya Industrial Area II Phase, CMTI Quarters, Civil Engineers Quarters, Gurguntepalya (P)
42	Lakshmidevi Nagar Ward (Ward No:42)	Backward Category A	Rajarajeshwari Nagar	Thimmaraju	25578	13425	12153	Goragunte playa (P), Lakshmidevi Nagar, Kempamma Layout, Kaveri Nagar, Nandini Layout I Stage, Narasimha Layout, Yeshwanthpur Industrial Suburb (P), Jenakal Siddeshwara Nagar
16	Jalahalli Ward (Ward No:16)	Scheduled Caste	Rajarajeshwari Nagar	R.Narayanaswamy	29037	15087	13950	HMT staff quarters, Jalahalli, BEL quarters, Khatha Nagar, Siddarth Nagar, Ayyappa Nagar
17	J.P.Park Ward (Ward No:17)	General	Rajarajeshwari Nagar	B.R.Nanjundappa	35174	18629	16545	Poornappa Garden, Sundar Nagar, Gokul Extension, Badappa Garden, Muthyalamma Nagar, Tannirahalli, Matthikere kere (J P Park), SBM Colony, Brindavan Nagar, Mohan Kumar Nagar, HMT Layout
37	Yeshwanthpur Ward (Ward No:37)	General	Rajarajeshwari Nagar	Munirathna	35972	18861	17111	Yeshwanthpura, Gurumurthy Layout, Kamala Nehru Extn, GK Colony, LN Colony, Dr.Ambedkar Nagar, Railway Qtrs, Pampa Nagar, LIC Colony, BK Nagar
69	Laggere Ward (Ward No:69)	General	Rajarajeshwari Nagar	Lakshmikantha Reddy	25370	13425	11945	Preethi Nagar, Vidhana Soudha Layout, Freedom Fighters Colony, Laggere, Narashima Murthy Nagar, LG Ramanna Colony Muneshwara Nagar, Rajeshwari Nagar, Rajiva Gandhi Nagar
73	Kottigepalya Ward (Ward No:73)	General	Rajarajeshwari Nagar	S.Venkatesh Babu	29100	15812	13288	Kempegowda Nagara (P), Kempegowda Layout (P), Choudeshwari Nagar, Premnagar, Sreenivas Nagar, Sunkadakatte, AshwathNagar, Muktharayaswamy Layout, TelephoneEmployees Layout, Beggars Colony, Rudeshwara Nagar, Narasimharaja Palya, Sajjepalya, Kottegepalya, Nagarbavi 2nd Stage 1st - 3rd - 5th - 7th - 8th -9th - 10th - 11th Block, Krishnanda Nagar, Malegalu, IncomeTax Layout, Marilingappa Extn, Vinayaka Layout, Srighanda Nagar (P)
129	Jnanabharathi Ward Ward (Ward No:129)	Backward Category B	Rajarajeshwari Nagar	Govinda Raju	25889	13758	12131	Bhairaveswara Layout, Hanumantha Nagar, Sunkadakatte, Basaveshwara Nagar, Annapurneswari Nagar, Durgaparameswari Layout, Rajiv Gandhi Nagar, Nagarbavi 2nd Stage 2nd -6th -12th Blocks, Veeranapalya, Narsapura, Arogya Layout, Obarappa Layout, Pappreddy Palya, Gowramma Layout, Chandrashekar Layout, Vishveswaraiah Layout 9th Block, KHDS Layout, Kadukudere Layout, ITI Employees Layout, MPM Layout, Kengunta, Malathalli, NGEF HBCS Layout, HMT Layout, Railway Layout, Jnanajyothi Nagar, Balaji Layout, NGEF Layout, Sri Hari Layout, Ganganagar, Tubsamma Layout, Bavani Nagar Layout, Munneswar Nagar, Annapurneswari Layout, Govt. Press Layout, Jnanaganga Layout, Jnana Barathi (Bangalore University), Sapthagiri Layout, Forest Layout
160	Rajarajeshwari Nagar Ward (Ward No:160)	General	Rajarajeshwari Nagar	B.H.Ramachandra	23282	12092	11190	Pramod House Building Society, Puspagiri Nagar, Bagegowda Layout, P S Reddy Layout, P G D’souza Layout, Muneswara Nagar, Sharad D’souza Layout, Javarayanadoddi, Suryavanshi Layout, Rajarajeshwari Nagar 2nd stage, Kenchanahalli, BHEL Layout, Ideal Homes, Bangarappa Nagar, Durga Nagar, Gurudatha Layout, Sapthagiri Layout, Haridas Nagar, Gottigere Layout, Sudarshan Layout, Gottigere, Halage Vaderahalli, Shivanna Layout, M G Layout, Papayya Layout, Durga Parameshwari Layout, RR Nagar 5th Stage, RR Nagar 3rd stage, BEML Layout, Basaveshwara Layout, Sudarshana Layout, Panchasheela Nagar, University Layout, Kalegowda Layout, Nandadeep Layout, Sachidanand Nagar, Channasandra Layout, Channasandra, Bharat Housing Society layout (P), Happy Valley Layout (P), Raja Gardenia (P), Hosakerehalli kere, Halage Vaderahalli Kere
130	Ullalu Ward (Ward No:130)	Backward Category A	Yeshwanthpur	Rajanna	20332	10468	9864	Vishveshweraiah Nagar 6th Block, Ambedkar Nagar, Ullalu Upanagar, Upakar Layout, SMV 5th Block, SMV 4th Block, AGS Layout, SMV 3rd Block, Vinayaka Layout, Ghavipuram HBCS Layout, Jnanabharati Layout 2nd Stage, KPSC Layout, Subash Nagar, Jagajothi Nagar, Bhuvaneshwari Nagar, Mariyappanpalya, Kalyan Housing Society Layout, RR Layout, Nagadevanahalli, Doddagollarhatti, Maruthi Nagar, SMV 1st Block, Sonnenahalli, Oddarapalya, Kengeri Satellite Town 3rd Stage (P), Panthar Palya
159	Kengeri Ward (Ward No:159)	General	Yeshwanthpur	Ra. Anjanappa	24870	12879	11991	Classic County Layout, Gandhi Nagar, Kengeri Satellite Town, Vishveshwraiah Nagar, Basaweshwar Layout, Oddarahalli, Sri Kanteshwar Layout, Kengeri Satellite Town 3rd Stage (P), Krishnappa Garden, Volagarahalli, Muddanna Garden, Harsha Layout, Kengeri, Babasaheb Layout, BSM Extension
198	Hemmigepura Ward (Ward No:198)	Backward Category A (Women)	Yeshwanthpur	Veena Nagaraj	24311	12926	11385	Part I: Existing RR Nagar CMC ward No. 19, Part II: Kengeri Upanagar (P), BEML Layout, Mailsandra, BHEL Layout, Patanagere, Remco Housing Society, BHEL 2nd Stage, Sri Krishna Garden, BEML Layout 7th Stage, Kodipalya, Sunkalpalya, Srinivaspur, BSK 6th Stage 11th Block, Meenakshi Residency Layout, Annapurneshwari Layout, BSK 6th Stage 9th And 10th Block, BSK 6th Stage 2nd Block, BSK 6th Stage 7th Block, Omkar Layout, BSK 6th Stage 4th Block, Aditya Layout, Sunilmitra Layout, Sri Balgi Layout, BCMEHS Layout, Bank Officers Layout, BCMC Layout, Vajrahalli, BCC Layout, Pearl Garden, Paramount Garden, Thalghattapura, Judicial Layout 2nd Stage, Hemegepura, Ganakal, Hosahalli, Lingadheeranahalli, Raguvanahalli, Somapura, Varahasandra, UM Kaval (P)
40	Dodda Bidarkallu Ward (Ward No:40)	General (Women)	Yeshwanthpur	T.A. Gayatri	19349	10204	9145	Channanayakanahalli, Jagannatha Rao Layout, Gopalappa Layout, Maranna Narayanappa Layout, Lingadeeranahalli, Siddartha Layout, Tippenahalli, Suvarna Nagar, Wipro Layout, Gruhalakshmi Housing Colony (P), Indranagar, Nagasandra, Residential Layout, Proposed Inregreted Layout, Karibanahalli, Tigalara Palya, Mubarak Nagar, Vaddara Palya, Raghavendra Nagar, Maruthi Nagar IV Phase, Kalki Nagar, Handrihalli, Vidhyamana Nagara, Doddanna Layout, Class D Employees Housing Layout, Hosahalli G Palya, Sri Ramanagaiah Layout, D Group Layout I Stage, Congress Chikkanna Layout, Doddabedrakallu, Sapthagiri Layout
72	Herohalli Ward (Ward No:72)	Backward Category B	Yeshwanthpur	A.M.Hanumanthe Gowda	19668	10421	9247	Horanadu Annapoorneshwari Layout, Nagaravale Nagar, Janapriya Nagar, SBI colony, Mahadeshwara Nagar, KSRTC Layout, Muddeshwara Layout, Venkateshwara Layout, Syndicate Bank Housing Society Layout, Herohalli, L and T Layout, Anjana Nagar, Byadarahalli, Bharath Nagar I Phase, BEL Layout I Stage, SMV Layout, BEL Layout II Phase, Bharath Nagar II Phase, SMV VI and VII block, Janatha colony, Vishveshwaraiah Layout, SMV Layout 8th Phase, Gidada Konenahalli, Byraweshwara Nagar, SMV Layout Nagar, Janapriya Apartment
154	Basavangudi Ward (Ward No:154)	General	Basavanagudi	B.S. Sathyanarayana	36015	18396	17619	Basavanagudi (P), N R Colony, Tata Silk Farm, Tyagaraja Nagar
155	Hanumantha Nagar Ward (Ward No:155)	General	Basavanagudi	K.Chandra Shekar	35065	18137	16928	Brindavana Nagar, Gavipuram extension, Gavipuram, Hanumath Nagar (P), Deer Park, Kempambudhi Kere
156	Sri Nagar Ward (Ward No:156)	General	Basavanagudi	T.Thimme Gowda	36045	18793	17252	Harishta Nagar, Kalidasa Nagar, Pipeline Weaver’s colony, Banashankari 1st Stage, Muneshwara block, Kallappa block, Srinagar, Dasarahalli (P), Dasarahalli south block, Nagendra block, SBM colony
162	Giri Nagar Ward (Ward No:162)	General (Women)	Basavanagudi	H.S.Lalitha	34912	18208	16704	Girinagar 1st and 2nd phases, Writers colony, Dasarahalli (P), Nagendra block, Srinivasanagar (P), Banasankari 3rd Stage - 3rd and 5th blocks, Hosakerehalli Layout
163	Katriguppe Ward (Ward No:163)	Backward Category A	Basavanagudi	D.Venkatesh Murthy	35736	18769	16967	Srinivasanagar (P), Siddhi Vinayaka Housing colony, Vivekananda Nagar, Poorna Prajna Housing Layout, Banasankari 3rd Stage – 4th 6th and 8th blocks, Kathriguppe, Siddarth Layout
164	Vidyapeetha Ward (Ward No:164)	Backward Category A	Basavanagudi	M.Venkatesh	34535	18083	16452	Hanumath Nagar (P), Banasankari 1st stage, Ashok Nagar, Srinivasanagar (P), Gururaja Layout, Banasankari 3rd stage - 6th block, Chennamma kere Layout
146	Lakkasandra Ward (Ward No:146)	General	B T M Layout	K.Mahesh Babu	28303	14909	13394	Pothulappa Garden, Eramma Layout, MICO Area, Adugodi (P), Pukaraj Layout, Nanjappa Layout, Rangadasappa Layout, Govardhan Nagar, Chandrappa Nagar, Lakasandra, Sattar Layout, Lalji Nagar, V K Rangaswamy Layout, Sampangi Ram Nagar, NIMHANS Staff Quarters, Mahalingeshwar Layout, KMF Area, Chikkalakshmaiah Layout, Gupta Layout (P)
147	Adugodi Ward (Ward No:147)	General	B T M Layout	Murugesh Modalayar	29945	15676	14269	Rajendra Nagar, Rajendra Nagar slum, Venkataswamy Reddy layout, Mallappa Reddy layout, Nanjappa Reddy Layout, K R Nanjappa Layout, NDRI campus, Adugodi (P), Kaveri Sankeerna, Police Quarters, Netravathi 1 to 10 blocks, Nandi Sankeerna 1 to 32 blocks and Tippu blocks, Koramangala 7th block
148	Ejipura Ward (Ward No:148)	General (Women)	B T M Layout	P.M.Saroja	29105	15316	13789	Ejipura, Gowda Muniswamy Garden, Chandra Reddy Layout, Venkappa Garden, Ashwini Layout, Green Leaf Extension, Shinivagilu, Shinivagilu Tank bed layout, AK Colony, National Games Housing Complex
151	Koramangala Ward (Ward No:151)	Backward Category A (Women)	B T M Layout	B.N.Kokila	35359	18434	16925	K R Garden, Koramangala 6th block, KHB block, Kathali Palya, Koramangala 4th B block, Koramangala 5th and 5th A block, KHB colony, John Nagar, Nirmala block, Mestri Palya, Koramangala 3rd block, Jakkasandra block, Koramangala 1st and 1st A blocks, SBI colony, Koramangala 2nd block, Koramangala 8th Block and Kormangala Village
152	Sudduguntepalya Ward (Ward No:152)	General	B T M Layout	M.Manjunath	35910	19341	16569	Suddagunte palya, Venakateshwar Layout, Kaveri Layout, Bhurappa Layout, Jogi slum, Chikka Adugodi, Bovi Colony, Bharath Nagar, Krishnamurhy Layout, Brindavan Nagar, Ramaiah Garden, Maruthi Nagar, Balaji Nagar, Bharathi Layout, Bhavani Nagar
172	Madiwala Ward (Ward No:172)	General	B T M Layout	B.N.Manjunath Reddy	35155	19121	16034	Tavarekere (P), Madduraman Nagar, Chikka Madivala, Madivala, Dollar Scheme colony, Jai Bheema Nagar, BTM Layout 1st stage, Aicobo Nagar
173	Jakkasandra Ward (Ward No:173)	General (Women)	B T M Layout	Sarswathamma	24088	13045	11043	KSRP Quarters, Teachers colony, Jakkasandra, Venkatapura, HSR Layout – Sector 5 (P)
176	BTM Layout Ward (Ward No:176)	General	B T M Layout	G.N.R. Babu	34436	18502	15934	Vysya Bank Colony, MICO Layout, Nainappa Setty playa, BTM Layout 2nd Stage, Someshwar Colony, KAS officers colony, Central Excise and Customs quarters, Madina Nagar, Abbayyappa Layout, Ambedkar slum
118	Sudam Nagar Ward (Ward No:118)	Scheduled Caste	Chikkpet	A. Avvayi	32202	16552	15650	Rajaram Mohanroy extension, Srinivas Colony, Vinoba Nagar, Sudham Nagar (P), Kalasipalya (P)
119	Dharmarayaswamy Temple Ward Ward (Ward No:119)	Backward Category A	Chikkpet	P.Dhanraj	33199	18193	15006	Ganigarpete, Halsurpete, Kumbara Gundi, Kalasipalya Market, Kalasipalyam, New Bamboo Bazar, Nagarathpete, Tigalara pete
142	Sunkenahalli Ward (Ward No:142)	General	Chikkpet	P.N.Sadashiva	36158	18645	17513	Vinayaka Extension, Kempegowda Nagar, Gandhi Bazar, Sunkenahalli, Shankarapuram
143	Visvesvarapuram Ward (Ward No:143)	General	Chikkpet	S.Anil Kumar	36093	18362	17731	Chikkanna Garden, Parvathipura, Mavalli, Upparahalli, Lalbagh Botanical Garden, Visweshwarapuram, Lalbagh kere
144	Siddapura Ward (Ward No:144)	General	Chikkpet	M Udaya Shankar	32194	16731	15463	Siddapura, Dayananda Colony, Arekempanahalli, Someshwar Nagar, NIMHANS campus
145	Hombegowda Nagar Ward (Ward No:145)	General	Chikkpet	D.Chandrappa	36455	18693	17762	Sudhama Nagar, Hombegowda Nagar, Wilson Garden, NGO’s colony, Chinnayanapalya, Gupta Layout (P)
153	Jayangar Ward (Ward No:153)	General (Women)	Chikkpet	Gangambike	35963	18173	17790	Basavanagudi (P), Kanakanapalya, Jayanagar 1st and 2nd blocks, Jayanagar 3rd East block, RBI Extension, RBI colony, S R Krishnappa Garden
103	Kaveripura Ward (Ward No:103)	General	Govindrajnagar	R.Prakash	35256	19274	15982	Kamakshipalya Industrial Estate, Pete Chennappa Industrial Estate, Kaveripura Priyadarshini Layout, Ranganathpura, HVR Layout, Syndicate Bank Colony, Prashanth Nagar Colony, Sampige Layout, Rajiv Nagar, Srishaila Nagar, Muneswara Nagar, Pattigara Palya, Saraswathi Nagar
104	Govindraja Nagara Ward (Ward No:104)	Backward Category A	Govindrajnagar	Mohan Kumar	25773	13565	12208	Prashanth Nagar, Corporation Colony, BMP Colony, Govindaraja Nagar, Magadi Chord road Layout, Thimmenahalli, CHBS Layout, Binni Layout, Vijaya Nagar 1st Stage
105	Agrahara Dasarahalli Ward (Ward No:105)	Backward Category A (Women)	Govindrajnagar	Roopa Devi	26857	14141	12716	Indira Colony, West of Chord road 4th Stage, Agrahara Dasarahalli, Oddarapalya (P)
106	Dr.Rajkumar Ward Ward (Ward No:106)	General	Govindrajnagar	Ganga Byraiah	24752	13012	11740	Rajaji Nagar Industrial town, Oddarapalya (P), Rajaji Nagar 6th block, Police Colony
125	Marenahalli Ward (Ward No:125)	Backward Category A (Women)	Govindrajnagar	N.Shakuntala	20068	10430	9638	Amarjyothi Nagar, Saraswathi Nagar, Kanaka Nagar, Marenahalli
126	Maruthi Mandira Ward Ward (Ward No:126)	General	Govindrajnagar	V.Vagish	21784	11421	10363	Madhura Nagar, Vinayaka Layout, GKW Layout, Vijayanagar (P), Canara Bank Colony
127	Moodalapalya Ward (Ward No:127)	Backward Category A (Women)	Govindrajnagar	N.Shantha Kumari	24487	12816	11671	Panchasheela Nagar, Lakkappa Garden, Kurilingappa Garden, Annapurneshwari Nagar, Mudalapalya, Shantha Kaveri Gopala Nagar, Adarsha Nagar, Shakthi Nagar, Kalyana Nagar, Bairaveshwar Nagar
128	Nagarabhavi Ward (Ward No:128)	General	Govindrajnagar	K.Umesh Shetty	20269	10408	9861	Chalukya Nagar, Hoysala Nagar, Nagarabhavi, Manasa Nagar, Madhura Nagar, Anand Jyothi Nagar, BDA Layout, Chandra Layout, Ahamad Nagar (P), Teachers colony, Gangodanahalli
131	Nayandanahalli Ward (Ward No:131)	General (Women)	Govindrajnagar	H.S.Rajeshwari	22878	11987	10891	Nayandahalli, Chandra Layout Extension, Chandra Layout II Stage, Metro Layout, Dr. Ambedkar Nagar
168	Pattabhiram Nagar Ward (Ward No:168)	General	Jayanagar	C.K.Ramamurthy	30989	15751	15238	Jayanagar 4th Block, Pattabhirama Nagar, 4th T Block ( Tilak Nagar), Jayanagar 5th Block
169	Byrasandra Ward (Ward No:169)	Backward Category A	Jayanagar	N.Nagaraj	30638	15760	14878	Bairasandra Extension, Jayanagar 3rd Block East, Canara Bank Colony, BCC Layout, LIC Colony
170	Jayanagar East Ward (Ward No:170)	Backward Category A	Jayanagar	Muni Sanjeevaiah	30846	15964	14882	NAL Layout, URS Colony, Jayanagar 9th Block, KEB Colony, Vysya Bank Colony
171	Gurappanapalya Ward (Ward No:171)	General	Jayanagar	Mahamod Rijwan Nawab	35828	18839	16989	Bismilla Nagar, Tavarekere, Gurappanapalya, Maruthi HBS Layout, KEB Colony
177	J.P.Nagar Ward (Ward No:177)	Backward Category A	Jayanagar	N.Chandrashekar Raju	28508	14747	13761	JP Nagar 2nd Phase, JP Nagar 3rd Phase, JP Nagar 4th Phase (Sarakki Dollar Layout), Shivananda Sharma Memorial RV College
178	Sarakki Ward (Ward No:178)	General	Jayanagar	S,K.Nataraj	26707	13870	12837	Sarakki, JP Nagar 6th Phase, LIC Quarters
179	Shakambari Nagar Ward (Ward No:179)	Backward Category A	Jayanagar	B.Somashekar	23239	11733	11506	Jayanagar 8th Block, Jayanagar 5th Block, TMC Layout, J.P.Nagar 1st Phase, Shakambari Nagar
161	Hosakerehalli Ward (Ward No:161)	General	Padmanabhanagar	H.Narayan	21185	11041	10144	Banashankari 3 stage, Hosakerehalli, Dattatreya Nagar, Mookambika Nagar, Vidyhasagar, NCERT, PES Institute of technology
165	Ganeshmandira Ward Ward (Ward No:165)	Backward Category A	Padmanabhanagar	L.Govindaraju	23101	11988	11113	Banashankari 3rd Stage (p), Banashankari 2nd Stage, Kempegouda Institute Of Medical Science, BNM College
166	Karisandra Ward (Ward No:166)	General (Women)	Padmanabhanagar	Jyothishree Hari Reddy	30206	15445	14761	JayaNagar 7th Block, National College, Karisandra
167	Yadiyuru Ward (Ward No:167)	Backward Category A	Padmanabhanagar	S.R.Ramesh	34591	17857	16734	Byrappa Block, Krishna Block, Tyagaraj Nagar, Shastri Nagar, Yediyur, JayaNagar 6th Block, Gupta Layout, Vijayarangam Layout, City Centre Library
180	Banashankari Temple Ward Ward (Ward No:180)	General	Padmanabhanagar	Mahamad Ali	34022	17451	16571	Teacher’s Colony, Bhavani Nagar, Eshwar Nagar, Vivekanada Colony, Sarabanda Palya, Gangadhar Nagar, Yarab Nagar, Omarbhagh
181	Kumaraswamy Layout Ward (Ward No:181)	Backward Category A	Padmanabhanagar	H.Suresh	35384	18649	16735	Kadirenahalli, Bendre Nagar, Kumaraswamy layout 1st and 2nd stage, ISRO layout, Kanakagruha layout, Vsasudha Bhavan, Dayananda Sagar Engineering Collage
182	Padmanabha Nagar Ward (Ward No:182)	General	Padmanabhanagar	L.Srinivas	25454	13131	12323	Kattriguppe 4th phase (P), Padmanabhanagar, RK layout, Brundavana layout, Rajiv Nagar, Regional Institute of Co-operative management, Syndicate Bank colony, Bharat Housing Society layout, Gowdanapalya kere
183	Chikkalasandra Ward (Ward No:183)	General	Padmanabhanagar	B.S.Venkata Swamy	24677	12995	11682	Rangappa layout, Kattriguppe 3rd phase, Kattriguppe 4th phase, Chikkallasandra, Kamakya Theatre
122	Kempapura Agrahara Ward (Ward No:122)	Backward Category A (Women)	Vijayanagar	Nirmala	33736	17355	16381	Kempapura Agrahara (P), Mariyappana Palya
123	Vijay Nagar Ward (Ward No:123)	General	Vijayanagar	H.Ravindra	36077	19009	17068	Vijayanagar, Hosahalli Extension (P), Cholurpalya, Vidyaranya Nagar, Manjunath Nagar
124	Hosahalli Ward (Ward No:124)	Backward Category A	Vijayanagar	Dr.S.Raju	32103	16662	15441	Hosahalli Extension (P), Hosahalli, Vijayanagar 1st stage, DOS colony, Binny Layout, Ambedkar Layout, Telecom Layout, Chevappa Garden, Krishnappa Layout
132	Attiguppe Ward (Ward No:132)	General	Vijayanagar	K.Doddanna	26806	13989	12817	Dwaraka Nagar, Nisarga Layout, Maruthi Nagar, Bapuji Nagar, Basaveshwar HBCS Layout, Widia Layout, BHEL Township, Income Tax Layout, Attiguppe, Binny Mills Employees Colony, Agromar Layout, BCC Layout, Nethaji Layout, Laripalya
133	Hampi Nagar Ward (Ward No:133)	General	Vijayanagar	T.Chandrashekaraiah	30355	15716	14639	Hosahalli Extension, RPC Layout, Vijay Nagar 2nd Stage, Maruthi Nagar, Kavika Layout
134	Bapuji Nagar Ward (Ward No:134)	Backward Category A	Vijayanagar	V.Krishna	36234	18996	17238	Shamanna Nagar, Guddadahalli, Manjunath Nagar, Kuvempu Nagar, New Guddadahalli, Anatha Nagar, Bapuji Nagar, Chowdappa Layout
157	Gali Anjaneya Swamy Temple Ward Ward (Ward No:157)	General	Vijayanagar	B.S.Ananda	27264	14466	12798	Karithimmanahalli, Raghavendra Nagar, Sanjaya Nagar, Telecom Layout, Timber Yard Layout, Venkateshpura, Byatarayanapura, Muneswara block (P)
158	Deepanjali Nagar Ward (Ward No:158)	Backward Category A (Women)	Vijayanagar	Malathi	30924	16655	14269	Deepanjali Nagar, Patel Puttanna Industrial Estate, FCI Layout, Roshan Nagar, Muthachary Industrial Estate, Ganapathi Nagar, Avalahalli, Veerabhadra Nagar, KEB quarters, Raghavendra Colony
135	Padarayanapura Ward (Ward No:135)	General (Women)	Chamarajpet	Najani Begam	35213	18371	16842	Arafat Nagar, Vinayaka Nagar, Jai Bharat Nagar, Jagjivanram Nagar (P), Padarayanapura
136	Jagareevanram Nagar Ward (Ward No:136)	General (Women)	Chamarajpet	Seena Khanam	33758	17570	16188	Devaraj Urs Nagar, Goripalya, Old Guddadahalli, Jagajivanaram Nagar (P)
137	Rayapuram Ward (Ward No:137)	Scheduled Caste	Chamarajpet	C.S.Radha Krishna	32949	16928	16021	Padarayanpura (P), Rayapuram, Ranganath Colony, Jagjivanram Nagar (P), CAR Police Quarters (P)
138	Chalavadipalya Ward (Ward No:138)	Scheduled Caste	Chamarajpet	Rekha	25319	13181	12138	Sultan Nagar, Jai Bhumi Nagar, Anjanappa Garden, Siddharth Nagar, Doreswamy Nagar, Bhangi Colony, Chalavadipalya, CAR Police Quarters (P), Giripuram
139	K.R.Market Ward (Ward No:139)	Scheduled Caste	Chamarajpet	G.Aashwath Narayan	28514	14982	13532	Cottonpete, Ranasinghpete, Old Tharagupete, K R Market, New Tharagupete, Tippu Nagar
140	Chamrajpet Ward (Ward No:140)	Backward Category A	Chamarajpet	B.V.Ganesh	33398	17193	16205	Chamarajpet, Raghavendra Colony, Nanjamba Agrahara
141	Azad Nagar Ward (Ward No:141)	General (Women)	Chamarajpet	Gowramma	35741	18584	17157	Kasturba Nagar, Bhakta Markendeya Layout, Vittal Nagar, Adarsh Nagar, Azad Nagar, Madigarpalya (Valmiki Nagara), Ramchandra Agrahara
77	Dattathreya Temple Ward (Ward No:77)	General	Gandhinagar	R.S. Sathyanarayana	34236	17640	16596	Sudheendra Nagar, swimming pool extension, Kumara Park West
94	Gandhi Nagar Ward (Ward No:94)	General	Gandhinagar	S.Nataraj	35310	19566	15744	Seshadripuram, Ramakrishna Layout, Nehru Nagar, VV Giri Colony, Bangalore City, Kempegowda bus Stand, RK Puram, Gandhinagar, Upparpet, Chikpete (P)
95	Subhash Nagar Ward (Ward No:95)	Scheduled Caste	Gandhinagar	Mallesh T	35427	18163	17264	Jai Bhimanagar Slum, Swatantra Nagra, PNR North nagar, Srirampuram, Vivekanada Nagar, Hanumanthappa colony, Shastri Nagar, Railway station, Subhash Nagar
96	Okalipuram Ward (Ward No:96)	Scheduled Caste	Gandhinagar	Queen Elizabath	35875	18609	17266	Ramachandrapura, Hanumanthapura, Okalipuram, Kasturi Nagar, Gopalpura (P)
109	Chikpete Ward (Ward No:109)	General	Gandhinagar	A.L.Shivakumar	33698	17670	16028	Akkipete (P), Sowrashtrapete, Balepete, Chickpete (P), Anchepete, Huriupete, Mamoolpete, Ballapurpete, Cubbonpete, Ramanpete, K G Extension
120	Cottonpet Ward (Ward No:120)	Backward Category A (Women)	Gandhinagar	Vasantha Kumari	36582	19048	17534	Aswath Nagar, Keshav Nagar, Nagamma Nagar, SBI staff quarters, Akkipete (P), Sultanpete, Manavathipete, Cottonpete
121	Binnipet Ward (Ward No:121)	Backward Category A (Women)	Gandhinagar	Shree Vidya N	33946	17447	16499	Binnipete, Gopalapura (P), Kempapura Agrahara (P)
43	Nandini Layout Ward (Ward No:43)	Backward Category A	Mahalakshmi Layout	M.Nagaraj	34318	18113	16205	Kanteerava Studio, Jayachamaraja Layout, AGB Layout, Saraswathipuram, Nandini Layout, Jai Maruthi Nagar, Maruthi Nagar, SN Layout, Sriram Nagar, Gelayara Balaga Layout, Kurubarahalli, Panchadeepa Colony, Srinivas Nagar, Jaibhuvaneshwari Nagar, Kanteerava Nagar, Prameela Nagar
44	Marappana Palya Ward (Ward No:44)	General (Women)	Mahalakshmi Layout	Lakshmi Chikkegowda	34002	18108	15894	Gouthampura, RMC Yard, Marappana Palya, Mysore Sandal Soap Factory, Ashokpuram, Shankara Nagar, Corporation Bank Officers quarters, Krishnananda Nagar, Police Quarters Yashwanthpura Industrial Suburb (P)
67	Nagapura Ward (Ward No:67)	Backward Category A	Mahalakshmi Layout	S.Harish	35553	18268	17285	Rajajinagar Industrial Suburb, Geleyara Balaga Layout (P), West of Cord road 2nd Stage 1st Block, Ketmaranahalli
68	Mahalakshmipuram Ward (Ward No:68)	Backward Category B	Mahalakshmi Layout	S.Keshvamurthy	35976	19202	16774	Saraswathipuram, Mahalakshimpuram North Layout, SN Layout, AGB Layout, Maruthi Nagar, Geleyara Balaga Layout (P), Sriram Nagar
74	Shakthiganapathi Nagar Ward (Ward No:74)	General (Women)	Mahalakshmi Layout	Padmavathi Srinivas	34530	17953	16577	Basaveshwara Nagar, Kirloskar Colony, NGO’s Colony, BEML Layout, Shakthi Ganapati Nagar
75	Shankaramata Ward (Ward No:75)	General	Mahalakshmi Layout	M.Shivaraj	35679	18802	16877	Jayachamarajanagar, Kurubararahalli, SVKNagar, KHBS Layout, Shankarmatt, MGNagar, Jayachamarajendranagara, Sanjaygandhi nagar, Teacher’s Colony, SriVenkateshwara Krupa Layout
102	Vrushabhavathi Ward (Ward No:102)	Backward Category A (Women)	Mahalakshmi Layout	L.Nagarathna	34339	18654	15685	Kamala Nagar, Channigappa Layout, Sanakki Bayalu, Vrishabha Nagar, Vinayaka Nagar, Kamakshipalya, Maruthi Nagar
35	Aramane Nagar Ward (Ward No:35)	General	Malleshwaram	Dr.M.S.Shivaprasad	30397	16221	14176	M S Ramaiah Nagar, Indian Institute of Science (IISc) Campus, IAF Quarters, Sankey’s tank, Palace ground, Malleswaram (P), Ashwathnagar, AGS Officers Layout, ITI Layout, Sadashiva Nagar, RMV 2nd Stage 1st Block
36	Mathikere Ward (Ward No:36)	General	Malleshwaram	Muniswamy Gowda	35882	19092	16790	Sanjivappa Garden, Mattikere, Netaji Nagar, Mattikere Extension, Gokul Extension
45	Malleshwaram Ward (Ward No:45)	Backward Category A	Malleshwaram	N.Jayapala	36321	18994	17327	Malleswaram (P), Yashwanthpura, Subedharpalya, Nanjappa Reddy colony
64	Rajamahal Ward (Ward No:64)	General (Women)	Malleshwaram	M.Vijayakumari	33964	17243	16721	Vaiyyalikaval (P), Malleswaram (P), Rajamahal Guttahalli
65	Kadumalleshwara Ward (Ward No:65)	Backward Category A	Malleshwaram	G.Manjunath Raju	34053	16970	17083	Malleshwaram, Ranganathpuram, Vaiyyalikaval (P), Maruthi Nagar
66	Subramanya Nagar Ward (Ward No:66)	General (Women)	Malleshwaram	Shashikala Kiran	34883	17876	17007	Subramanya Nagar, Milk colony
76	Gayathri Nagar Ward (Ward No:76)	General (Women)	Malleshwaram	Chethana Gowda	35389	18360	17029	Gayithri Nagar, Sriramapuram North
97	Dayananda Nagar Ward (Ward No:97)	Scheduled Caste	Rajajinagar	Shakheel M	34595	17767	16828	Yarappa Block, Ambedkar Nagar, Venkateshwra AK Colony, Ramakrishna Seva Nagar, Dayananda Nagar
98	Prakash Nagar Ward (Ward No:98)	General	Rajajinagar	Ravindran	35465	18641	16824	Prakash Nagar
99	Rajaji Nagar Ward (Ward No:99)	Backward Category A	Rajajinagar	H.R. Krishnappa	33231	17221	16010	Adaranha Layout, Indira Nagar, Manjunath Nagar, Basaveshwara Nagar, KEB Quaters, Rajajinagar 2nd block
100	Basaveshwara Nagar Ward (Ward No:100)	Backward Category A	Rajajinagar	S.H.Padmaraju	27002	14204	12798	LIC colony, Manjunath Nagar 3rd stage, Saneguruvanahalli, Basaveshwara Nagar (P)
101	Kamakshipalya Ward (Ward No:101)	General	Rajajinagar	K.Ranganna	25742	13638	12104	BEML Layout, West of Chord Road I Stage, Meenakshi Nagar, Cauvery Nagar, KHB Colony, AK Colony, Ashtagrama, Karekallu, Kamakshipalya
107	Shiva Nagar Ward (Ward No:107)	General	Rajajinagar	Manjunath	35979	18940	17039	Shivanagar, Bovi Colony, West of Chord road 6th Phase, Maha Ganapathi Nagar, Rajaji Nagar 3rd Block
108	Sri Rammandira Ward (Ward No:108)	Backward Category A (Women)	Rajajinagar	M.G.Jayarathna	33613	17348	16265	Rajaji Nagar IV Block, Rajaji Nagar V Block, Rajaji Nagar VI Block (P), Jedehalli, 4M block SSI Industrial area, Bashyam Nagar, Gobbanna Industrial area
5	Jakkur Ward (Ward No:5)	General	Byatarayanapura	K.V.Munindra Kumar	20964	10906	10058	Kattigenahalli, Bellahalli, Srinivasapura, Thirumenahalli, Chokkanahalli, Astra Zenca Factory, Vinayaka Nagar, GL Raju colony, Thayamma layout, Ramanna Garden, Baba Nagar, Sri Krishna Garden, Defence Residency, Sri Balaji Residency, Kattigenahalli kere, Sapthagiri Layout (near Kattigenahalli kere), Kogilu, Kogilu kere, Tippu Nagar, Kogilu Layout, Vinayaka Layout, Gowdaramaiah layout, Kaliti muniswamappa layout, Prakruthi Layout, NKF Layout, Balihalli - MS Nagar, Marisondappa layout, Thirumenahalli layout, Thirumenahalli, Agrahara Layout, Krishna Nagar Enclave, Balaji Layout, Pooja Mahalaxmi Layout, Chamundi Layout, KPSC Layout, Vidhana Soudha Layout, Shivanahalli (P), Basaveshwara Nagar (P), Jakkur kere, Jakkur village (P), Sampigehalli, Arkavathi Layout 2nd 3rd & 7th blocks, Maruthi Layout, Somappa Layout, Agrahara, Agrahara kere, LHS Yelhanka Layout, Chokkanahalli layout, Noor Nagar, Thirumenahalli layout, Basavalingappa Nagar (P), MoC co-op society layout, G Gundappa Reddy Layout, Srirampura, Telecom Layout, MCEHS layout, MCHS Layout, Venkateshwara nagar
6	Thanisandra Ward (Ward No:6)	Backward Category A (Women)	Byatarayanapura	Lalitha Bayi	20402	10384	10018	Thanisandra, Rachenahalli, Dasarahalli, CAR Quarters, Balaji Krupa Layout, Basavalingappa Nagar (P), R K Hegde Nagar, Kaveri Nagar, Prashanth Nagar (P), Chowdappa Layout, Nandanavana Layout, BDS Layout, Sirdi Sai Rathan Layout, Railway mens layout, Vidya Layout, Bhagyashree Royal Layout, Chamundeswari Layout, Arogyappa Layout, Mestri Palya, Jingarappa Layout, Rachenahalli kere, Maruthi Layout, Prakruthi colony, Buvaneshwari Nagar, Mariyanna Palya, Nandana Residency Layout, Defence Layout, Defence enclave 2, Manyata Residential layout, Defence colony, Bharat Nagar, Sarai Palya, Ashwath Nagar, Settigere Muniyappa Layout, Amara Jyothi Layout, Krishnappa Layout, MCECHS Sanchar Nagar, Alankar Nagar (Sajid Nagar), Muninangappa Layout, Vidya Sagar Layout, Rasool Sab Layout, Tuba Layout, MS Ramaiah North city
7	Byatarayanapura Ward (Ward No:7)	Scheduled Tribe	Byatarayanapura	Indira	31400	16665	14735	UAS Teacher Layout, Jakkuru Aerodrome, Jakkuru (P), Shoba apartments, Arkavathy Layout Block I, Talakaveri Layout, Jakkuru Layout, L & T Layout, Hoysala Layout, Amruthalli, Muniswamiappa Layout, Amruth Nagar, Samruthi Nagar, Shabhari Nagar, Arkavathi Layout, Byatarayanapura, Hebbal Kempapura, Venkate gowda Layout, Pampa extension, Vinayaka Layout 1 and 2, Chiranjeevi Layout, Muniswamy gowda layout, Vayunandana Layout, Yogesh Layout, Kariyanna Layout, Nagavara Kere, Coffee Board layout, Vishveshwar Layout, Sahakara Nagar (P) A - E - F & G Blocks, Sanjeevini Nagar, Military Farm
8	Kodigehalli Ward (Ward No:8)	Backward Category B	Byatarayanapura	Ashwathnarayana Gowda	21635	11525	10110	Sahakara Nagar (P) B - C & D blocks -, CQAL layout, Kodigehalli village, Sonegowda Layout, Maruthi Nagar, AMCO Layout, Ashwathappa Layout, Shanbhog Narayanappa Layout, TATA Nagar, IISc Layout, Kannuramma Layout, Devi Nagar, Lottegollahalli, Maruthi Nagar (Near Ring road), Badrappa Layout, Balaji Layout, Hebbal Kere, Shantivana
9	Vidyaranyapura Ward (Ward No:9)	General (Women)	Byatarayanapura	K.Nandini	23136	12268	10868	GKVK Campus, M V Layout, Virupakshpura, Canara Bank Layout, Indian Express Layout, Buddha Jyothi Layout, Sonappa Layout, Maruthi Layout, Telecom Layout, Kempegowda Nagar, Muniswamiappa Layout, Basaveshwar Colony, Anjaneya Layout, Tindlu, Siddalingeshwar Layout, Vidyaranyapura 5th and 6th blocks, Srinidhi Layout, Balaji Layout, Dodda Bommasandra (P), Chikka Venkatappa Layout, Vidyaranayapura 1st -3rd and 4th blocks, M Venkataswamiappa Layout, Gurudarshan Layout, Jyaneshwari Layout, Tindlu kere, Sapthagiri Layout
10	Doddabommasandra Ward (Ward No:10)	General	Byatarayanapura	M.V.Pillappa	21640	11327	10313	Nanjappa Layout, Chamundeshwari Layout, Ramanna Layout, Mandamma Layout, Govindayyana Palya (P), Kempamma Layout, Hanuman Layout, Subbakka Layout, Dodda Bommasandra (P), Jayalakshamma Layout, Ranappa Dasappa Layout, Muneswara Layout, Vimana Layout, Kodigehalli kere, Nagaland Colony, BEL Quarters, BEL Colony, CRL - BEL Industrial estate, Vidyaranayapura 2nd block, BEL Layout
11	Kuvempu Nagar Ward (Ward No:11)	Backward Category A (Women)	Byatarayanapura	K.R.Yeshodamma	25295	13489	11806	Sudguru Layout, Kanshiram nagar, Anand Garden, Shingapura, Shingapura kere, Vinayaka Nagar, Varadharaja Nagar, Air Force area, Jalahalli East, Raghuram Layout, Ramachandrapura, Kalatturu Layout, Jarkhabandi State Forest, H V V Valley layout, Vishveswariah Enclave, Naidu Layout, Kuvempu Nagar, Venkatesh Nagar, Muniswamiappa Layout, Simhadri Layout, Govindayyana Palya (P), Raghavendra Colony, Defence Layout, Ganesh Layout, M S Palya, Gangammangudi
1	Kempegowda Ward (Ward No:1)	Backward Category B	Yelahanka	Y.N.Ashwath	21866	11490	10376	Govindapura, Kulappa Layout, Vasudevapura, Kendriya Vihar, Manchenahalli, Yelahanka (P), Yelhanka Airport Area, Maheshwari Nagar, Sai spring field colony, Gandhi Nagar, Lake view residency, Nehru Nagar, Venkatala, Surabhi Layout, Venkatappa Layout, Shobha Ultima villas, Venkatala Layout, Mantri township, Vikas layout, Yelahanka Kere, Shankaranna Layout, Sathyappa Anjanappa Kempamma Layout, Shivanahalli (P), Maruthi Nagar, Sapthagiri Layout (P), Jayanna Layout, Basaveshwara Nagar (P), Bhadranna Layout
2	Chowdeshwari Ward (Ward No:2)	Backward Category A (Women)	Yelahanka	K.V.Yeshoda	19626	10402	9224	Harohalli, Harohalli kere, Kanchenahalli, ISRO Layout, Naganahalli, Naganahalli new layout, KEB Layout Phase I, Balaji Layout, Vinayaka Layout, Ramanashree Califonia East Garden layout, Deo Marvel Layout, Mahalaxmi Layout, Nisarga Layout, CRPF Quarters, Puttanahalli, Puttanahalli kere, Monte Carlo apartment, DG staff quarters, Central excise quarters, Wheel and Axle plant, FM Goetze plant, Chowdeswari Layout, Kamakshiamma Layout, East Colony, Yelahanka (P), KHB Colony
3	Attur Ward (Ward No:3)	General (Women)	Yelahanka	Geetha Shashikumar	24020	13129	10891	Ananthapura, Chikka Bettahalli, Dodda Bettahalli, Bharat Nagar (MS Palya), Chandrappa Layout, Hill side meadows layout, Sai Nagar Phase I and II, Basavalingappa Layout, Netravathi Layout (P), Sai orchards, Best country 3, G Ramaiah Layout, Jyothi Nagar, GPF Layout, Muneshwara Layout 1st and 2nd Phases, Hariraju Layout, Vaderahalli kere, AMS Layout, Veerasagara kere, Thirumala Nagar, Atturu Layout, Muneshwara Layout (Atturu), Ananda Nagar, Atturu, Atturu kere, KHB apartments, Yelahanka 4th and 5th Stages, 208-SFS colony, Central excise and custom staff quarters, Air force quarters, Yelahanka new town, KSIDC industrial estate, WAP staff quarters
4	Yelahanka Satellite Ward (Ward No:4)	Backward Category A	Yelahanka	M.Muniraju	25782	13457	12325	Udaya Layout, Mother Dairy, Soma Nagar, Janata colony, Chikka Bommasandra, Yelahanka Salellite town, ABC quarters, Ambedkar colony, Allalsandra, Allalsandra kere, Judicial Layout, GKVK compus (P), Judicial colony
